<?xml version="1.0" encoding="UTF-8" standalone="yes"?>
<addon id="plugin.video.youtube" name="youtube" version="1.0.9" provider-name="linuxsat-team">
	<requires>
		<import addon="xbmc.python" version="2.19.0"/>
	</requires>
	<extension point="xbmc.python.pluginsource" library="default.py">
		<provides>video</provides>
	</extension>
    <extension point="xbmc.service" library="startup.py" start="startup" />
	<extension point="xbmc.addon.metadata">
        <summary lang="en">Videos from youtube</summary>
        <description lang="en">Videos from youtube</description>

		<language></language>
		<platform>all</platform>
	</extension>
</addon>







