<?xml version="1.0" encoding="UTF-8" standalone="yes"?>
<addon id="plugin.video.filmon" name="Filmon" version="1.0.4" provider-name="linuxsat-support">
  <requires>
    <import addon="xbmc.python" version="3.0.0"/>
  </requires>
  <extension point="xbmc.python.pluginsource" library="default.py">
    <provides>video</provides>
  </extension>

  <extension point="xbmc.addon.metadata">
    <summary>Filmon links</summary>
    <description>Filmon links</description>
    <platform>all</platform>
  </extension>
  <extension point="xbmc.addon.metadata">
    <reuselanguageinvoker>true</reuselanguageinvoker>
    <summary lang="en_GB">Filmon</summary>
    <description lang="en_GB">Videos from filmon.com</description>
    <summary lang="it_IT">Filmon</summary>
    <description lang="it_IT">Video da filmon.com</description>
    <language>it</language>
    <platform>all</platform>
    <license>GPL-3.0-only</license>
    <forum>https://www.linuxsat-support.com/</forum>
    <website>https://www.linuxsat-support.com/</website>
    <email>waw@gmail.com</email>
    <source>https://github.com/</source>
    <assets>
      <icon>icon.png</icon>
      <fanart>fanart.png</fanart>
      <screenshot>resources/screenshots/screenshot-00.jpg</screenshot>
      <screenshot>resources/screenshots/screenshot-01.jpg</screenshot>
      <screenshot>resources/screenshots/screenshot-02.jpg</screenshot>
    </assets>
    <news>1.0.4 (2021-09-03)
    </news>
  </extension>
    
</addon>

