<?xml version="1.0" encoding="UTF-8" standalone="yes"?>
<addon id="plugin.video.filmon"
	   name="Filmon"
	   version="1.0.2"
	   provider-name="linuxsat-support">
  <extension point="xbmc.python.pluginsource"
			 library="default.py">
    	<provides>video</provides>
  </extension>
  <extension point="xbmc.addon.metadata">
    <summary>Videos from filmon.com</summary>
    <description>Videos from filmon.com</description>
    <platform>all</platform>
  </extension>
</addon>






