<?xml version="1.0" encoding="UTF-8" standalone="yes"?>
<addon id="plugin.video.freearhey" name="Freearhey" version="1.6" provider-name="linuxsat-support">
  <requires>
    <import addon="xbmc.python" version="3.0.0"/>
  </requires>
  <extension point="xbmc.python.pluginsource" library="default.py">
    <provides>video</provides>
  </extension>

  <extension point="xbmc.addon.metadata">
    <summary>Plays m3u files online.</summary>
    <description>Plays m3u files online.</description>
    <platform>all</platform>
  </extension>
  <extension point="xbmc.addon.metadata">
    <reuselanguageinvoker>true</reuselanguageinvoker>
    <summary lang="en_GB">Freearhey</summary>
    <description lang="en_GB">Videos from Freearhey Github</description>
    <summary lang="it_IT">Filmon</summary>
    <description lang="it_IT">Video da Freearhey Github</description>
    <language>it</language>
    <platform>all</platform>
    <license>GPL-3.0-only</license>
    <forum>https://www.linuxsat-support.com/</forum>
    <website>https://www.linuxsat-support.com/</website>
    <email>waw@gmail.com</email>
    <source>https://github.com/</source>
    <assets>
      <icon>icon.png</icon>
      <fanart>fanart.png</fanart>
      <screenshot>resources/screenshots/screenshot-00.jpg</screenshot>
      <screenshot>resources/screenshots/screenshot-01.jpg</screenshot>
      <screenshot>resources/screenshots/screenshot-02.jpg</screenshot>
      <screenshot>resources/screenshots/screenshot-03.jpg</screenshot>	  
    </assets>
    <news>1.0.3 (2021-09-03)
    </news>
  </extension>
    
</addon>




