<?xml version="1.0" encoding="UTF-8" standalone="yes"?>
<addon id="plugin.video.freearhey" name="freearhey" version="1.3" provider-name="@pcd @lululla">
    <requires>
        <import addon="xbmc.python" version="2.1.0"/>
        <!-- 
		<import addon="script.video.F4mProxy" version="2.7.1"/> 
		-->
    </requires>
	   
  <extension point="xbmc.python.pluginsource" library="default.py">
    	<provides>video</provides>
  </extension>
  <extension point="xbmc.addon.metadata">
    <summary>Plays m3u files online.</summary>
    <description>Plays m3u files online.</description>
    <platform>all</platform>
  </extension>
</addon>







