<?xml version="1.0" encoding="UTF-8" standalone="yes"?>
<addon id="plugin.video.m3uplayer"
       name="M3Uplayer"
       version="1.0.5"
       provider-name="linuxsat-support team">
    <requires>
        <import addon="xbmc.python" version="2.1.0"/>version="2.7.1"/>
    </requires>
  <extension point="xbmc.python.pluginsource"
             library="default.py">
        <provides>video</provides>
  </extension>
  <extension point="xbmc.addon.metadata">
    <summary>Plays m3u files.</summary>
    <description>Plays m3u files.</description>
    <platform>all</platform>
  </extension>
</addon>







