<?xml version="1.0" encoding="UTF-8" standalone="yes"?>
<addon id="plugin.video.dailymotion" name="dailymotion" version="1.0.2" provider-name="linuxsat-team">
  <requires>
   <import addon="xbmc.python" version="2.14.0"/>
  </requires>	
	
	<extension point="xbmc.python.pluginsource" library="default.py">
		<provides>video</provides>
	</extension>
    <extension point="xbmc.service" library="startup.py" start="startup" />
	<extension point="xbmc.addon.metadata">
        <summary lang="en">Videos from dailymotion</summary>
        <description lang="en">Videos from dailymotion</description>

		<language></language>
		<platform>all</platform>
	</extension>
</addon>













