<?xml version="1.0" encoding="UTF-8" standalone="yes"?>
<addon id="plugin.video.worldcam"
	   name="worldcam"
	   version="1.0.7"
	   provider-name="linuxsat-support">

  <extension point="xbmc.python.pluginsource"
			 library="default.py">
    	<provides>video</provides>
  </extension>
  <extension point="xbmc.addon.metadata">
    <summary>Live cam from around the world</summary>
    <description>Live cam from around the world</description>
    <platform>all</platform>
  </extension>
</addon>









