<?xml version="1.0" encoding="UTF-8" standalone="yes"?>
<addon id="plugin.video.worldcam"
	   name="worldcam"
	   version="1.0.11"
	   provider-name="linuxsat-support">
  <requires>
    <import addon="xbmc.python" version="2.1.0"/>
    <import addon="script.module.ytdl" version="1.0.0"/>
  </requires>
  <extension point="xbmc.python.pluginsource"
			 library="default.py">
    	<provides>video</provides>
  </extension>
  <extension point="xbmc.addon.metadata">
    <summary>Live cam from around the world</summary>
    <description>Live cam from around the world</description>
    <platform>all</platform>
  </extension>
</addon>











