<?xml version="1.0" encoding="UTF-8" standalone="yes"?>
<addon id="plugin.video.tivustream18"
	   name="TiVuStream 18"
	   version="1.1.9"
	   provider-name="linuxsat-support">
  <extension point="xbmc.python.pluginsource"
			 library="default.py">
    	<provides>video</provides>
  </extension>
  <extension point="xbmc.addon.metadata">
    <summary>Adult(18+) videos from internet</summary>
    <description>Adult(18+) videos from internet</description>
    <platform>all</platform>
  </extension>
</addon>








