<?xml version="1.0" encoding="UTF-8" standalone="yes"?>
<addon id="repository.tivustream" name="TiVuStream Repository" version="1.0.1" provider-name="TiVuStream Team">
	<extension point="xbmc.addon.repository" name="TiVuStream Repository">
		<dir>
		<info compressed="false">https://tivustream.website/repo/addons/addons.xml</info>
		<checksum>https://tivustream.website/repo/addons/addons.xml.md5</checksum>
		<datadir zip="true">https://tivustream.website/repo/addons/</datadir>
		</dir>
	</extension>

	<extension point="xbmc.addon.metadata">
		<summary>Free video mediaitems from popular websites</summary>
		<description>Free video mediaitems from popular websites</description>
		<platform>all</platform>
	</extension>
</addon>



