{
	"SetViewMode":"55",
	"items":[
      {
         "title":"[COLOR lime]=== === === Benvenuto su TivuStream XxX === === ===[/COLOR]",
         "link":"ignoreme",
         "thumbnail":"https://icon-library.com/images/disclaimer-icon/disclaimer-icon-5.jpg",
         "fanart":"https://www.stadiotardini.it/wp-content/uploads/2016/12/mandrakata.jpg",
         "info":"Disclaimer"
      },
      {
         "title":"[COLOR lime]Questo addon è stato creato per permettere a chiunque,[/COLOR]",
         "link":"ignoreme",
         "thumbnail":"https://icon-library.com/images/disclaimer-icon/disclaimer-icon-5.jpg",
         "fanart":"https://www.stadiotardini.it/wp-content/uploads/2016/12/mandrakata.jpg",
         "info":"Disclaimer"
      },
      {
         "title":"[COLOR lime]usando dei file json, di crearsi un proprio addon.[/COLOR]",
         "link":"ignoreme",
         "thumbnail":"https://icon-library.com/images/disclaimer-icon/disclaimer-icon-5.jpg",
         "fanart":"https://www.stadiotardini.it/wp-content/uploads/2016/12/mandrakata.jpg",
         "info":"Disclaimer"
      },
      {
         "title":"[COLOR lime]Per info unisciti al canale Telegram [/COLOR] [COLOR yellow]@tivustream[/COLOR]",
         "link":"ignoreme",
         "thumbnail":"https://icon-library.com/images/disclaimer-icon/disclaimer-icon-5.jpg",
         "fanart":"https://www.stadiotardini.it/wp-content/uploads/2016/12/mandrakata.jpg",
         "info":"Disclaimer"
      }
   ]
}